<?xml version="1.0" encoding="UTF-8"?>
<!DOCTYPE struts PUBLIC
"-//Apache Software Foundation//DTD Struts Configuration 2.0//EN"
"http://struts.apache.org/dtds/struts-2.0.dtd">

<struts>
	<constant name="struts.devMode" value="true" />
	<package name="jp.co.internous.action" extends="struts-default">

		<action name="MenuAction" class="jp.co.internous.action.MenuAction"
			method="execute">
			<result name="success">Menu.jsp</result>
		</action>

		<action name="CustomerChangeAction" method="execute"
			class="jp.co.internous.action.CustomerChangeAction">
			<result name="success">LastCheck.jsp</result>
			<result name="error">CustomerChange.jsp</result>
		</action>

		<action name="GoCartAction" method="execute"
			class="jp.co.internous.action.GoCartAction">
			<result name="success" type="redirectAction">MenuAction</result>
			<result name="error" type="redirectAction">MenuAction</result>
		</action>


		<action name="Go2CartAction" method="execute"
			class="jp.co.internous.action.Go2CartAction">
			<result name="success">OrderCheck.jsp</result>
			<result name="error">OrderCheck.jsp</result>
		</action>


		<!-- <action name="Go2OderCheckACtion" class="jp.co.internous.action.Go2OderCheckACtion"
			method="execute">
			<result name="success">Lastcheck.jsp</result>
		</action> -->


		<action name="BackMenuAction" method="execute"
			class="jp.co.internous.action.BackMenuAction">
			<result name="success" type="redirectAction">MenuAction</result>
		</action>


		<action name="BMIAction" class="jp.co.internous.action.BMIAction"
			method="execute">
			<result name="success">Menu.jsp</result>
		</action>


		<action name="LoginAction" class="jp.co.internous.action.LoginAction"
			method="execute">
			<result name="success" type="redirectAction">LastCheckAction</result>
			<result name="error">Login.jsp</result>
			<result name="input">Login.jsp</result>
		</action>


		<action name="GoCustomer_infoAction" class="jp.co.internous.action.GoCustomer_infoAction"
			method="execute">
			<result name="success">Customer_info.jsp</result>
		</action>


		<action name="Customer_infoAction" class="jp.co.internous.action.Customer_infoAction"
			method="execute">
			<result name="success">Customer_OK.jsp</result>
			<result name="error">Customer_info.jsp</result>
			<result name="input">Customer_info.jsp</result>
		</action>


		<action name="OrderCheckDeleteAction" class="jp.co.internous.action.OrderCheckDeleteAction"
			method="execute">
			<result name="success">OrderCheck.jsp</result>
			<result name="error">OrderCheck.jsp</result>
			<result name="input">OrderCheck.jsp</result>
		</action>


			<action name="OrderCheckdeleteAction2" class="jp.co.internous.action.OrderCheckdeleteAction2"
			method="execute">
			<result name="success" type="redirectAction">Go2CartAction</result>
			<result name="error">OrderCheck.jsp</result>
			<result name="input">OrderCheck.jsp</result>
		</action>


		<action name="BackMenuAction" method="execute" class="jp.co.internous.action.BackMenuAction">
			<result name="success" type="redirectAction">MenuAction</result>
		</action>

		<action name="OrderCheckAction" method="execute" class="jp.co.internous.action.OrderCheckAction">
			<result name="success">OrderCheck.jsp</result>
		</action>

		 <action name="Customer_OKAction" class="jp.co.internous.action.Customer_OKAction"
			method="execute">
			<result name="success">Lastcheck.jsp</result>
			<result name="error">Customer_OK.jsp</result>
		</action>


		<action name="OrderCheckAction2" method="execute" class="jp.co.internous.action.OrderCheckAction2">
			<result name="success" type="chain">Go2CartAction</result>
			<result name="error">OrderCheck.jsp</result>
		</action>

		<action name="GoCustomerChangeAction" class="jp.co.internous.action.Customer_OKAction"
			method="execute">
			<result name="success">CustomerChange.jsp</result>
			<result name="error">Lastcheck.jsp</result>
		</action>


	<action name="GoLoginAction" class="jp.co.internous.action.GoLoginAction"
			method="execute">
			<result name="success">Login.jsp</result>
			<result name="error">OrderCheck.jsp</result>
		</action>

<action name="LastCheckAction" class="jp.co.internous.action.LastCheckAction"
			method="execute">
			<result name="success" >Lastcheck.jsp</result>
			<result name="error">Login.jsp</result>
			<result name="input">Login.jsp</result>
		</action>

		<action name="EndAction" class="jp.co.internous.action.EndAction"
			method="execute">
			<result name="success" >End.jsp</result>
			<result name="error">Lastcheck.jsp</result>

		</action>





	</package>
</struts>
